Energy [GeV],Xsec [pb]
200.0,2467900.0
1000.0,4221500.0
150.0,2106300.0
150.0,2107400.0
1000.0,4210200.0
60.0,1023600.0
120.0,1820800.0
40.0,385550.0
150.0,2087000.0
40.0,657050.0
300.0,3016200.0
50.0,851100.0
50.0,847010.0
50.0,798320.0
40.0,655470.0
70.0,1122900.0
10.0,61025.0
100.0,1588400.0
30.0,454670.0
50.0,848800.0
600.0,3740000.0
180.0,2358500.0
150.0,2057600.0
1000.0,4229500.0
600.0,3789000.0
70.0,1183600.0
400.0,3298300.0
900.0,4136500.0
70.0,1003900.0
70.0,1184200.0
200.0,2445700.0
300.0,3001100.0
70.0,1170000.0
700.0,3887900.0
800.0,3981100.0
400.0,3348000.0
30.0,326270.0
10.0,61552.0
90.0,1463200.0
40.0,651170.0
1000.0,4034600.0
180.0,2333500.0
30.0,455950.0
80.0,1331200.0
120.0,1794200.0
10.0,61574.0
20.0,236970.0
10.0,34771.0
90.0,1474000.0
70.0,1136600.0
50.0,850040.0
10.0,61033.0
900.0,4123100.0
700.0,3888200.0
10.0,61058.0
90.0,1456800.0
60.0,1025300.0
400.0,3338400.0
900.0,4072400.0
50.0,845860.0
60.0,1018000.0
400.0,3340000.0
800.0,4025100.0
800.0,4029800.0
30.0,231630.0
300.0,3022700.0
120.0,1803000.0
20.0,242380.0
80.0,1318900.0
180.0,2353600.0
500.0,3527200.0
500.0,3584800.0
180.0,2347400.0
500.0,3534800.0
900.0,4132400.0
200.0,2483100.0
400.0,3311600.0
800.0,4018100.0
10.0,61277.0
180.0,2318400.0
60.0,586660.0
20.0,242330.0
1000.0,4215400.0
600.0,3772000.0
80.0,1326800.0
60.0,1016900.0
100.0,1596500.0
70.0,1160400.0
400.0,3315500.0
10.0,61422.0
100.0,1594000.0
10.0,61801.0
700.0,3801000.0
150.0,2098800.0
600.0,3755000.0
800.0,3796000.0
180.0,2344800.0
200.0,2468700.0
500.0,3357500.0
200.0,2466500.0
300.0,3005600.0
800.0,4019500.0
50.0,842220.0
180.0,2227500.0
300.0,3006100.0
20.0,198850.0
500.0,3537800.0
1000.0,4094200.0
100.0,1578400.0
200.0,2501700.0
150.0,2119600.0
90.0,1427700.0
600.0,3773600.0
300.0,2942700.0
200.0,2472500.0
700.0,3901200.0
40.0,368140.0
150.0,2098200.0
1000.0,4162400.0
90.0,1467500.0
300.0,3000500.0
70.0,1186100.0
300.0,3020000.0
700.0,3836200.0
300.0,2901900.0
180.0,2328000.0
180.0,2334500.0
90.0,1466000.0
200.0,2461800.0
30.0,454230.0
300.0,2995800.0
70.0,1181700.0
300.0,3005200.0
150.0,2100900.0
500.0,3434100.0
700.0,3926100.0
100.0,1589800.0
70.0,1162800.0
500.0,3549000.0
800.0,4044200.0
800.0,4032400.0
600.0,3723100.0
600.0,3765400.0
10.0,61588.0
100.0,1586300.0
700.0,3894000.0
100.0,1596100.0
120.0,1812200.0
900.0,4109000.0
30.0,450460.0
150.0,2103500.0
10.0,61648.0
100.0,1574700.0
300.0,2988700.0
800.0,4048700.0
90.0,1457500.0
500.0,3587100.0
800.0,3926300.0
10.0,61576.0
40.0,559840.0
150.0,2092400.0
30.0,447810.0
20.0,236510.0
50.0,847770.0
500.0,3576500.0
400.0,3314000.0
600.0,3765200.0
600.0,3744300.0
70.0,1186300.0
900.0,4079300.0
60.0,1019900.0
10.0,61924.0
700.0,3867700.0
70.0,1157500.0
70.0,1181400.0
90.0,1465500.0
800.0,4039400.0
20.0,244490.0
400.0,3352300.0
500.0,3507100.0
70.0,1179800.0
120.0,1811200.0
50.0,846070.0
400.0,3331500.0
700.0,3895000.0
400.0,3314000.0
30.0,451130.0
20.0,241370.0
50.0,849180.0
600.0,3723100.0
200.0,2474700.0
800.0,3982200.0
120.0,1823200.0
1000.0,4182500.0
100.0,1586600.0
180.0,2333700.0
90.0,1446100.0
40.0,641150.0
300.0,3019600.0
600.0,3698300.0
90.0,1456400.0
50.0,829940.0
120.0,1819900.0
900.0,4090800.0
200.0,2439100.0
90.0,1441200.0
200.0,2478500.0
30.0,453990.0
600.0,3734600.0
200.0,2468800.0
120.0,1833300.0
1000.0,4213400.0
50.0,848820.0
700.0,3832500.0
1000.0,4203500.0
90.0,1471000.0
180.0,2349200.0
200.0,2468100.0
600.0,3758000.0
50.0,807440.0
180.0,2230500.0
800.0,4048600.0
60.0,1016600.0
700.0,3868700.0
10.0,61105.0
30.0,453210.0
80.0,1328100.0
20.0,241300.0
100.0,1524100.0
1000.0,4115100.0
400.0,3354200.0
90.0,1464900.0
10.0,45308.0
50.0,820100.0
70.0,1177200.0
80.0,766300.0
180.0,2349800.0
600.0,3688100.0
1000.0,4174400.0
300.0,3003900.0
500.0,3522300.0
20.0,238690.0
600.0,3789400.0
80.0,364190.0
60.0,1024100.0
800.0,3943000.0
200.0,2486700.0
700.0,3876200.0
400.0,3346200.0
900.0,4136200.0
300.0,2970400.0
60.0,1008300.0
900.0,4132300.0
150.0,2080900.0
150.0,2108400.0
1000.0,4207100.0
60.0,605200.0
150.0,2035600.0
100.0,1598700.0
800.0,4038900.0
120.0,1819800.0
90.0,1473700.0
900.0,4136500.0
90.0,1444000.0
100.0,1587500.0
1000.0,4175900.0
20.0,239750.0
500.0,3599100.0
400.0,3334300.0
40.0,658370.0
600.0,3739100.0
80.0,1321700.0
200.0,2452000.0
200.0,2454300.0
90.0,1464500.0
500.0,1918100.0
600.0,3727100.0
600.0,3772800.0
60.0,1027400.0
180.0,2343900.0
500.0,3589700.0
180.0,2320700.0
10.0,61857.0
100.0,1569600.0
180.0,2358100.0
300.0,2987600.0
500.0,3567900.0
600.0,3753700.0
100.0,846480.0
20.0,242250.0
20.0,240650.0
80.0,1333400.0
20.0,244060.0
30.0,452160.0
50.0,834320.0
150.0,2012100.0
900.0,3980100.0
1000.0,4171400.0
20.0,242000.0
700.0,3909200.0
100.0,1602300.0
700.0,3921900.0
1000.0,4142300.0
500.0,3591000.0
100.0,1524100.0
90.0,1469800.0
40.0,654920.0
600.0,3758500.0
700.0,3836500.0
700.0,3872300.0
180.0,2344000.0
200.0,2457700.0
600.0,3719300.0
30.0,457610.0
1000.0,4196200.0
60.0,1015200.0
500.0,3549700.0
150.0,2088800.0
50.0,844200.0
300.0,2939400.0
90.0,1478000.0
60.0,1008400.0
50.0,849810.0
70.0,1183900.0
90.0,1411400.0
180.0,2351100.0
50.0,853000.0
400.0,3310400.0
600.0,3795600.0
600.0,3727000.0
800.0,4032100.0
900.0,4007700.0
400.0,3329800.0
200.0,2466300.0
20.0,242080.0
400.0,3317900.0
90.0,1463700.0
50.0,621710.0
150.0,2084000.0
600.0,3780000.0
700.0,3940600.0
700.0,3869100.0
800.0,3927800.0
400.0,3355200.0
150.0,2092500.0
200.0,2477800.0
10.0,61118.0
300.0,2992800.0
1000.0,4192600.0
60.0,1023700.0
10.0,61631.0
30.0,452390.0
10.0,61781.0
600.0,3717900.0
200.0,2481200.0
180.0,2322300.0
800.0,4005300.0
1000.0,4194800.0
30.0,454500.0
150.0,2101100.0
10.0,61742.0
120.0,1824800.0
120.0,1825200.0
900.0,4122400.0
500.0,3524900.0
800.0,4021800.0
800.0,4062900.0
900.0,4117100.0
90.0,1461800.0
100.0,1590700.0
300.0,2998900.0
100.0,1596900.0
70.0,1188000.0
900.0,4109100.0
40.0,658120.0
40.0,577380.0
900.0,4124700.0
40.0,657170.0
120.0,1825600.0
70.0,1183400.0
40.0,636460.0
1000.0,4175800.0
500.0,3569100.0
50.0,850090.0
150.0,2099300.0
100.0,1601500.0
1000.0,4219400.0
100.0,1598600.0
400.0,3316700.0
400.0,3332900.0
70.0,1188100.0
600.0,3741500.0
70.0,1167800.0
120.0,1747000.0
70.0,1180800.0
400.0,3308900.0
60.0,1025700.0
600.0,3764700.0
40.0,658370.0
50.0,850970.0
180.0,2299500.0
500.0,3460500.0
70.0,1173000.0
400.0,3340100.0
40.0,650540.0
60.0,1017600.0
500.0,3575700.0
90.0,1436800.0
30.0,455860.0
50.0,843110.0
80.0,1238300.0
60.0,727160.0
900.0,4031700.0
200.0,2479200.0
800.0,4007100.0
200.0,2478100.0
100.0,1582000.0
180.0,2325900.0
100.0,1588900.0
600.0,3762500.0
30.0,450390.0
10.0,61742.0
180.0,2329900.0
60.0,966470.0
900.0,4124800.0
150.0,1102000.0
70.0,1186000.0
80.0,1317900.0
700.0,3885600.0
20.0,244710.0
200.0,2501100.0
40.0,654790.0
70.0,1184300.0
400.0,3353800.0
100.0,1599000.0
60.0,1026700.0
20.0,241020.0
150.0,2064900.0
60.0,568200.0
800.0,4023000.0
20.0,243680.0
300.0,2988300.0
70.0,1179100.0
400.0,3219700.0
100.0,1574600.0
120.0,1816200.0
10.0,61575.0
200.0,2465100.0
10.0,61322.0
300.0,3009100.0
120.0,1817300.0
90.0,1390400.0
300.0,2971600.0
90.0,1459300.0
20.0,235500.0
1000.0,4185200.0
180.0,2329100.0
50.0,851550.0
600.0,3734600.0
90.0,1462700.0
900.0,4115000.0
80.0,1333900.0
200.0,2497800.0
200.0,2497100.0
20.0,238260.0
300.0,3012100.0
30.0,452670.0
180.0,2338000.0
300.0,2966000.0
80.0,1332700.0
80.0,1164200.0
500.0,3587100.0
150.0,2111300.0
1000.0,4170900.0
1000.0,4209700.0
900.0,4098800.0
180.0,2288600.0
20.0,242440.0
90.0,1454800.0
10.0,61626.0
500.0,3575300.0
900.0,4131200.0
180.0,2331700.0
100.0,1578900.0
120.0,1826400.0
500.0,3517500.0
40.0,653180.0
800.0,3944000.0
200.0,2484100.0
20.0,211120.0
1000.0,4181100.0
90.0,1431200.0
180.0,2265400.0
600.0,3647200.0
600.0,3643100.0
120.0,1816100.0
100.0,1569800.0
300.0,3017900.0
50.0,485150.0
40.0,653630.0
50.0,836110.0
150.0,2075300.0
700.0,3838100.0
200.0,2483900.0
80.0,1326100.0
400.0,3347200.0
30.0,454990.0
500.0,3438800.0
700.0,3743100.0
20.0,176040.0
10.0,61521.0
600.0,3777800.0
900.0,4084900.0
1000.0,4200000.0
900.0,4137100.0
800.0,3990400.0
180.0,2350800.0
100.0,1594400.0
40.0,653250.0
400.0,3340300.0
80.0,1323700.0
90.0,1391300.0
180.0,2335700.0
150.0,2102800.0
1000.0,4214600.0
700.0,3937400.0
100.0,1304900.0
600.0,3775500.0
500.0,3537500.0
200.0,2457000.0
900.0,4142600.0
90.0,725050.0
50.0,820040.0
700.0,3909600.0
20.0,243310.0
400.0,3299700.0
60.0,1011600.0
70.0,1174600.0
70.0,1119400.0
1000.0,4149700.0
100.0,1556200.0
30.0,451970.0
200.0,2481500.0
600.0,3791100.0
700.0,3858100.0
700.0,3914300.0
120.0,1811900.0
30.0,455950.0
180.0,2358000.0
300.0,3005300.0
900.0,3951600.0
90.0,1473400.0
200.0,2489000.0
700.0,3710600.0
300.0,3018400.0
80.0,1331900.0
50.0,853690.0
50.0,841240.0
700.0,3863500.0
600.0,3785100.0
900.0,4144800.0
180.0,2347600.0
700.0,3863300.0
30.0,452800.0
10.0,61029.0
120.0,1817600.0
60.0,913440.0
700.0,3910900.0
150.0,2107000.0
70.0,1176700.0
80.0,1336500.0
90.0,1450600.0
80.0,789790.0
1000.0,4025500.0
800.0,4036600.0
60.0,1027600.0
120.0,1824300.0
180.0,2313900.0
600.0,3684700.0
30.0,452760.0
50.0,687780.0
120.0,1813100.0
500.0,3607100.0
400.0,3274700.0
800.0,3962500.0
90.0,1471000.0
700.0,3917100.0
150.0,2110400.0
20.0,242850.0
60.0,698650.0
500.0,3579600.0
70.0,1180800.0
90.0,1462300.0
900.0,4123900.0
60.0,1025200.0
80.0,1310500.0
90.0,1458400.0
500.0,3581300.0
150.0,2112300.0
600.0,3769700.0
40.0,660970.0
600.0,3793800.0
400.0,3338100.0
50.0,848190.0
60.0,1025300.0
90.0,1457000.0
30.0,451380.0
70.0,739450.0
10.0,61218.0
50.0,844380.0
40.0,632520.0
400.0,3334900.0
700.0,3903800.0
80.0,1216900.0
80.0,1320200.0
180.0,2311200.0
600.0,3756700.0
800.0,3969200.0
300.0,3002900.0
600.0,3795300.0
500.0,3591400.0
900.0,4121800.0
600.0,3737200.0
800.0,4022800.0
500.0,3572600.0
300.0,3012000.0
50.0,767660.0
20.0,242560.0
20.0,235900.0
50.0,848330.0
50.0,842050.0
80.0,1326400.0
120.0,1807700.0
1000.0,4169800.0
70.0,1181100.0
1000.0,4227300.0
800.0,3928000.0
400.0,3311700.0
70.0,1172000.0
500.0,3578100.0
40.0,655740.0
20.0,242070.0
50.0,852700.0
40.0,577140.0
120.0,1808000.0
180.0,2350900.0
90.0,1462300.0
80.0,1291900.0
10.0,60453.0
800.0,4005600.0
30.0,435190.0
400.0,2958100.0
40.0,659870.0
20.0,242850.0
900.0,4089600.0
500.0,3575000.0
500.0,3544000.0
900.0,4088700.0
200.0,2461100.0
700.0,3903600.0
300.0,2980100.0
400.0,3317800.0
90.0,1444000.0
80.0,1316700.0
80.0,1320800.0
50.0,847750.0
600.0,3603200.0
40.0,621500.0
80.0,1283100.0
70.0,1178900.0
800.0,3915500.0
300.0,2996900.0
600.0,3746100.0
900.0,4083600.0
200.0,2480700.0
700.0,3890300.0
120.0,1825300.0
10.0,61424.0
800.0,4060800.0
50.0,844880.0
200.0,2476600.0
200.0,2472100.0
200.0,2432400.0
20.0,243030.0
180.0,2337200.0
70.0,1177100.0
90.0,1453600.0
500.0,3592000.0
300.0,3000000.0
70.0,1187800.0
180.0,2331500.0
600.0,3773500.0
400.0,3339300.0
600.0,3715600.0
500.0,3582600.0
30.0,452640.0
100.0,1466900.0
600.0,3729200.0
800.0,3997400.0
30.0,455020.0
10.0,58713.0
150.0,2095000.0
60.0,1013500.0
50.0,845860.0
80.0,1316900.0
50.0,839700.0
20.0,239300.0
180.0,2344200.0
60.0,1022300.0
20.0,242140.0
300.0,3004400.0
150.0,2094400.0
800.0,3988000.0
180.0,2334100.0
1000.0,4160200.0
40.0,366490.0
70.0,1184300.0
100.0,1601200.0
700.0,3863600.0
700.0,3916700.0
600.0,3760700.0
300.0,3012300.0
80.0,1322800.0
700.0,3730100.0
1000.0,4218900.0
50.0,806040.0
200.0,2475500.0
60.0,1027100.0
500.0,3548900.0
20.0,240980.0
120.0,1810800.0
500.0,3546200.0
500.0,3602800.0
1000.0,4112200.0
600.0,3764500.0
70.0,616110.0
180.0,2283100.0
20.0,242960.0
90.0,1459600.0
200.0,2441500.0
150.0,2101200.0
100.0,1571600.0
120.0,1817900.0
400.0,3300600.0
400.0,3307900.0
120.0,1813800.0
30.0,456060.0
200.0,2492000.0
500.0,3551900.0
700.0,3891000.0
100.0,1532000.0
200.0,2406800.0
400.0,3318800.0
900.0,3835300.0
800.0,4051400.0
80.0,1335800.0
60.0,1022800.0
40.0,651930.0
20.0,237360.0
200.0,2474600.0
400.0,3299800.0
30.0,406370.0
150.0,2103200.0
20.0,242750.0
90.0,1469300.0
180.0,2327900.0
30.0,432150.0
30.0,409240.0
120.0,1809900.0
20.0,243360.0
900.0,4111600.0
180.0,2332000.0
600.0,3775400.0
20.0,243190.0
900.0,4117600.0
200.0,2472800.0
150.0,2097800.0
20.0,243440.0
300.0,3007700.0
900.0,3995300.0
120.0,1814700.0
300.0,2956200.0
90.0,1449600.0
40.0,646020.0
200.0,2424600.0
200.0,2489000.0
40.0,655330.0
600.0,3725500.0
180.0,2347300.0
120.0,1798400.0
50.0,853580.0
10.0,61408.0
1000.0,4164100.0
100.0,1594500.0
900.0,4082900.0
900.0,4122800.0
700.0,3851600.0
80.0,1317400.0
500.0,3580200.0
500.0,3351700.0
1000.0,4156200.0
600.0,3760900.0
700.0,3873300.0
40.0,656980.0
1000.0,4146300.0
70.0,1181000.0
600.0,3727400.0
100.0,1582800.0
120.0,1802500.0
800.0,4054200.0
500.0,3590300.0
200.0,2458300.0
30.0,455190.0
120.0,1808700.0
10.0,42655.0
1000.0,4177400.0
30.0,452550.0
10.0,61194.0
120.0,1567500.0
150.0,2102800.0
500.0,3536800.0
70.0,1161200.0
100.0,1560700.0
200.0,2470200.0
80.0,1330000.0
60.0,888130.0
800.0,4015600.0
70.0,796150.0
90.0,1461000.0
50.0,822940.0
500.0,3589700.0
500.0,3604400.0
70.0,1178800.0
1000.0,4032500.0
500.0,3562000.0
150.0,2107800.0
1000.0,4154300.0
20.0,242500.0
700.0,3890700.0
70.0,1184000.0
800.0,3949400.0
100.0,1590700.0
80.0,1327600.0
20.0,225310.0
10.0,61746.0
40.0,660390.0
20.0,243520.0
10.0,60298.0
50.0,847260.0
10.0,61370.0
100.0,1585000.0
200.0,2441500.0
70.0,1184900.0
60.0,923520.0
200.0,2485500.0
400.0,3320600.0
200.0,2462300.0
60.0,1022000.0
400.0,3348800.0
150.0,2107500.0
800.0,4007600.0
100.0,1605900.0
100.0,1594200.0
900.0,4109800.0
60.0,1019700.0
100.0,1604800.0
500.0,3527800.0
60.0,1026100.0
1000.0,4196600.0
800.0,3938000.0
400.0,3291600.0
1000.0,4229400.0
10.0,60921.0
300.0,3014100.0
40.0,572580.0
400.0,3305600.0
40.0,658690.0
10.0,61592.0
180.0,2309600.0
10.0,61585.0
700.0,3909500.0
1000.0,4217900.0
50.0,628870.0
600.0,3779600.0
90.0,1459300.0
200.0,2474900.0
70.0,1175000.0
800.0,3860200.0
1000.0,4214100.0
60.0,1028300.0
180.0,2324800.0
30.0,449490.0
20.0,242350.0
100.0,1593600.0
100.0,1579200.0
150.0,2078300.0
500.0,3578600.0
150.0,2088800.0
40.0,628700.0
70.0,1164000.0
500.0,3592700.0
70.0,1185400.0
1000.0,4219100.0
10.0,61713.0
700.0,3859400.0
700.0,3835900.0
1000.0,4184400.0
400.0,3315300.0
90.0,1473500.0
1000.0,4217300.0
80.0,1308200.0
70.0,1177700.0
900.0,4124100.0
40.0,576750.0
10.0,61971.0
90.0,829620.0
60.0,1021600.0
400.0,3330800.0
90.0,1460900.0
50.0,848820.0
30.0,448460.0
90.0,1467800.0
300.0,2987600.0
400.0,3341900.0
20.0,243980.0
600.0,3680900.0
800.0,3959900.0
120.0,1814600.0
150.0,2077800.0
30.0,452260.0
70.0,1183800.0
80.0,1327200.0
400.0,3347800.0
900.0,4101300.0
20.0,243370.0
900.0,4086900.0
120.0,1724000.0
200.0,2493600.0
40.0,659390.0
40.0,657450.0
100.0,1586300.0
80.0,1337400.0
40.0,657040.0
90.0,1463000.0
200.0,2486600.0
20.0,235510.0
60.0,1026800.0
150.0,2103200.0
500.0,3544600.0
20.0,241840.0
60.0,1012400.0
150.0,2080000.0
300.0,2955900.0
500.0,3578700.0
10.0,59743.0
200.0,2464800.0
20.0,240880.0
300.0,2941900.0
60.0,516240.0
30.0,453360.0
90.0,1472000.0
20.0,243370.0
50.0,848390.0
180.0,2323500.0
150.0,2100300.0
40.0,657790.0
30.0,449590.0
60.0,1019000.0
30.0,450340.0
400.0,3361800.0
400.0,3342100.0
20.0,244300.0
120.0,1798000.0
30.0,420110.0
50.0,846370.0
80.0,1326500.0
90.0,1452500.0
700.0,3803000.0
30.0,450710.0
1000.0,4205400.0
80.0,1328700.0
400.0,3328700.0
700.0,3938300.0
20.0,242050.0
20.0,241670.0
60.0,639300.0
80.0,1336200.0
150.0,2088100.0
50.0,847660.0
900.0,4116200.0
800.0,4049200.0
10.0,61824.0
10.0,61596.0
120.0,1759900.0
180.0,2345900.0
150.0,2088500.0
120.0,1822700.0
80.0,1319000.0
500.0,3518000.0
80.0,1332300.0
900.0,4131900.0
80.0,1296100.0
300.0,2983500.0
90.0,1443700.0
500.0,3613000.0
50.0,851860.0
1000.0,4156300.0
80.0,1337600.0
200.0,2476900.0
20.0,241720.0
30.0,454890.0
900.0,4153600.0
1000.0,4210200.0
40.0,656330.0
10.0,61850.0
120.0,1779800.0
900.0,4137500.0
700.0,3659700.0
400.0,3298800.0
700.0,3872800.0
300.0,3010400.0
60.0,1014200.0
800.0,4024100.0
800.0,3912800.0
800.0,3977900.0
100.0,1587500.0
500.0,3521600.0
30.0,452400.0
700.0,3832000.0
600.0,3734200.0
900.0,4069000.0
800.0,4007400.0
300.0,2999800.0
40.0,657380.0
800.0,4001800.0
80.0,1318400.0
700.0,3898600.0
60.0,1021300.0
60.0,1031000.0
10.0,61482.0
500.0,3538700.0
80.0,1321500.0
1000.0,4157200.0
700.0,3874100.0
120.0,1814500.0
1000.0,3997200.0
200.0,2480500.0
70.0,1192400.0
500.0,3571000.0
100.0,1491500.0
900.0,3882100.0
10.0,61656.0
900.0,4069800.0
50.0,846790.0
800.0,4030700.0
20.0,242180.0
400.0,3319000.0
10.0,61103.0
60.0,1020600.0
20.0,243980.0
400.0,3336400.0
300.0,2958700.0
90.0,1468100.0
300.0,3016400.0
200.0,2482800.0
30.0,455340.0
50.0,458960.0
10.0,60902.0
90.0,1472600.0
30.0,452520.0
500.0,3565000.0
20.0,240080.0
600.0,3728800.0
500.0,3585400.0
90.0,1459400.0
50.0,779050.0
60.0,1024200.0
70.0,1174300.0
800.0,3998900.0
50.0,849070.0
180.0,2307900.0
10.0,61459.0
30.0,438050.0
70.0,1176600.0
90.0,1466500.0
10.0,60268.0
800.0,4038300.0
700.0,3868900.0
70.0,1184100.0
600.0,3767000.0
100.0,1582300.0
70.0,1179800.0
90.0,1465100.0
600.0,3757600.0
400.0,3250500.0
800.0,4006100.0
800.0,3972600.0
1000.0,4176700.0
700.0,3901900.0
90.0,1457100.0
70.0,703850.0
150.0,2081800.0
90.0,826320.0
70.0,1176000.0
900.0,4097000.0
100.0,1582900.0
700.0,3928500.0
90.0,1452600.0
700.0,3834400.0
30.0,451430.0
40.0,660460.0
40.0,659370.0
1000.0,4205600.0
80.0,1324900.0
600.0,3746000.0
100.0,1602100.0
120.0,1796500.0
700.0,3801900.0
800.0,4019900.0
60.0,1020500.0
60.0,1019000.0
50.0,848510.0
150.0,2096400.0
100.0,1594400.0
90.0,1449100.0
20.0,244020.0
200.0,2412400.0
700.0,3878500.0
400.0,3285800.0
1000.0,4193900.0
800.0,3999000.0
80.0,1311400.0
800.0,4003700.0
80.0,1187200.0
600.0,3748400.0
900.0,4129700.0
200.0,2463100.0
500.0,3587500.0
20.0,126820.0
500.0,3580200.0
700.0,3857900.0
200.0,2487200.0
100.0,1593000.0
700.0,3687100.0
80.0,1322500.0
70.0,1130000.0
150.0,2091600.0
30.0,453960.0
800.0,4013100.0
100.0,1582900.0
500.0,3526800.0
200.0,2336600.0
150.0,2091300.0
300.0,2999700.0
700.0,3792600.0
60.0,1017700.0
10.0,61702.0
700.0,3918300.0
180.0,2321000.0
180.0,2325300.0
400.0,3344100.0
50.0,848180.0
800.0,4014300.0
70.0,1175200.0
180.0,2298900.0
1000.0,4179900.0
400.0,3316900.0
70.0,1187500.0
500.0,3600500.0
90.0,1461600.0
300.0,3006600.0
40.0,610720.0
900.0,4073300.0
120.0,1809100.0
200.0,2487400.0
50.0,846990.0
180.0,2350100.0
300.0,2990000.0
80.0,844130.0
20.0,242950.0
200.0,2475000.0
100.0,1574800.0
100.0,1565000.0
500.0,3609800.0
900.0,4151700.0
20.0,242320.0
30.0,452720.0
150.0,2066300.0
10.0,61507.0
80.0,1321300.0
400.0,3353800.0
400.0,3357700.0
50.0,854820.0
10.0,61172.0
10.0,61479.0
180.0,2341100.0
40.0,640880.0
100.0,1595300.0
800.0,4024300.0
40.0,503680.0
300.0,2600300.0
120.0,1826800.0
800.0,3996000.0
120.0,1804400.0
180.0,2349800.0
400.0,3325600.0
60.0,1023800.0
300.0,3000700.0
50.0,845520.0
40.0,650480.0
100.0,1599800.0
800.0,3948900.0
50.0,842990.0
70.0,1146800.0
10.0,61505.0
600.0,3736400.0
10.0,61586.0
150.0,2076500.0
50.0,840940.0
30.0,454390.0
500.0,3609700.0
40.0,658640.0
120.0,1817600.0
50.0,847400.0
100.0,1597100.0
200.0,2371400.0
60.0,957450.0
120.0,1770500.0
50.0,808510.0
80.0,1309300.0
400.0,3337100.0
100.0,1540500.0
400.0,3357500.0
70.0,1166300.0
900.0,4111200.0
300.0,3009000.0
400.0,3299600.0
900.0,4095300.0
100.0,1576200.0
150.0,2056700.0
10.0,61675.0
100.0,1586800.0
180.0,2349200.0
70.0,1122500.0
150.0,2086000.0
300.0,2971100.0
60.0,1022600.0
80.0,1326700.0
20.0,243830.0
300.0,2970800.0
100.0,1601500.0
30.0,439900.0
800.0,4008700.0
1000.0,4211200.0
10.0,61137.0
100.0,1602400.0
500.0,3571000.0
700.0,3827000.0
600.0,3751500.0
600.0,3770700.0
50.0,852470.0
150.0,1998400.0
700.0,3877100.0
1000.0,4177900.0
90.0,1460700.0
100.0,1511000.0
900.0,4120000.0
50.0,835310.0
400.0,3359200.0
300.0,1957900.0
30.0,453610.0
120.0,1812800.0
150.0,2104500.0
60.0,994880.0
1000.0,4204100.0
1000.0,4204600.0
30.0,451690.0
90.0,1447400.0
30.0,454040.0
20.0,243010.0
60.0,992480.0
800.0,4059400.0
50.0,852320.0
700.0,3950400.0
10.0,61830.0
50.0,844400.0
150.0,2013900.0
40.0,657530.0
700.0,3936700.0
900.0,4108800.0
300.0,2919800.0
120.0,1806300.0
30.0,448060.0
90.0,1465400.0
50.0,845920.0
600.0,3748000.0
1000.0,4208900.0
50.0,850350.0
50.0,844620.0
120.0,1823700.0
300.0,2971300.0
900.0,4049100.0
500.0,3540000.0
60.0,1025200.0
500.0,3565300.0
60.0,927560.0
200.0,2458000.0
50.0,845310.0
800.0,3997800.0
100.0,1583000.0
180.0,2322700.0
120.0,1816100.0
180.0,2335700.0
30.0,449910.0
180.0,2275600.0
30.0,446820.0
900.0,4079300.0
900.0,4130800.0
300.0,2976700.0
800.0,4007700.0
400.0,3216500.0
60.0,1013000.0
80.0,1314500.0
100.0,1594100.0
120.0,1812600.0
600.0,3756300.0
500.0,3585200.0
500.0,3577800.0
40.0,655850.0
500.0,3549100.0
150.0,2107800.0
80.0,1334000.0
40.0,660680.0
60.0,1020100.0
1000.0,4171800.0
900.0,4075600.0
200.0,2468900.0
400.0,3327100.0
600.0,3619200.0
100.0,1593800.0
900.0,4084700.0
80.0,1298500.0
70.0,1155500.0
400.0,3360500.0
700.0,3861000.0
30.0,445080.0
600.0,3756700.0
700.0,3821600.0
700.0,3934300.0
40.0,655500.0
200.0,2440000.0
20.0,241770.0
120.0,1792200.0
600.0,3770500.0
100.0,1583000.0
800.0,3987900.0
70.0,1152300.0
800.0,3963600.0
50.0,848800.0
700.0,3805800.0
1000.0,4163100.0
40.0,660010.0
80.0,1331500.0
1000.0,2220500.0
900.0,4034900.0
800.0,4030100.0
200.0,2442800.0
60.0,1008800.0
30.0,450630.0
90.0,1472600.0
1000.0,4164500.0
300.0,2992200.0
400.0,3364200.0
20.0,220040.0
70.0,1183500.0
200.0,2498300.0
50.0,832280.0
100.0,1589200.0
600.0,3748200.0
600.0,3772800.0
120.0,1782700.0
180.0,2344500.0
180.0,2333900.0
200.0,2458400.0
800.0,4040600.0
120.0,1733700.0
200.0,2476700.0
80.0,1334600.0
120.0,1804500.0
120.0,1812900.0
50.0,851820.0
180.0,2332400.0
900.0,4067500.0
1000.0,4237000.0
70.0,1171500.0
800.0,3986900.0
150.0,1926500.0
180.0,2336100.0
1000.0,4044700.0
400.0,3318200.0
500.0,3574600.0
900.0,4141700.0
20.0,242120.0
70.0,1179000.0
150.0,2087700.0
100.0,1596400.0
300.0,2998200.0
80.0,1311300.0
80.0,1329500.0
60.0,1028200.0
300.0,3003500.0
10.0,56936.0
60.0,1018500.0
900.0,4142200.0
800.0,4011200.0
1000.0,4131100.0
200.0,2482500.0
10.0,61579.0
1000.0,4201800.0
300.0,2978100.0
1000.0,4142400.0
1000.0,4056200.0
200.0,2086200.0
150.0,2094400.0
700.0,3889900.0
200.0,2481600.0
1000.0,4205900.0
70.0,1185400.0
30.0,453070.0
900.0,4084900.0
30.0,440240.0
900.0,4075800.0
300.0,3000500.0
800.0,4022900.0
800.0,3969100.0
300.0,3013700.0
60.0,1019000.0
120.0,1805600.0
700.0,3878800.0
10.0,61539.0
700.0,3934200.0
1000.0,4104500.0
40.0,652870.0
1000.0,4188000.0
30.0,306000.0
300.0,2986000.0
10.0,61776.0
900.0,4076800.0
900.0,3989000.0
180.0,2338300.0
70.0,1169900.0
40.0,659510.0
10.0,54584.0
80.0,1330100.0
120.0,1819600.0
30.0,445780.0
300.0,2959400.0
400.0,3338100.0
40.0,657400.0
700.0,3880700.0
200.0,2476800.0
1000.0,3974600.0
900.0,4081900.0
400.0,3278000.0
70.0,1181600.0
500.0,3578500.0
80.0,1313800.0
800.0,4028200.0
90.0,1385900.0
40.0,647960.0
90.0,1471300.0
300.0,3027100.0
60.0,1020900.0
200.0,2489700.0
70.0,1156700.0
200.0,2493800.0
400.0,3328900.0
100.0,1387500.0
400.0,3343900.0
900.0,3965200.0
1000.0,4226800.0
10.0,61510.0
500.0,3593600.0
30.0,450970.0
100.0,1579000.0
800.0,3863800.0
120.0,1820400.0
150.0,2099800.0
500.0,3580500.0
80.0,1327000.0
400.0,3326500.0
60.0,1022000.0
70.0,1182100.0
100.0,1597000.0
500.0,3555700.0
180.0,2295800.0
120.0,1783500.0
100.0,1604200.0
900.0,4128800.0
300.0,2961000.0
1000.0,4166100.0
600.0,3716200.0
60.0,1022300.0
50.0,844700.0
20.0,242590.0
300.0,3014200.0
1000.0,4164200.0
1000.0,4181900.0
40.0,654640.0
100.0,1578600.0
70.0,1046500.0
90.0,1475300.0
100.0,1601200.0
90.0,1462400.0
400.0,3345200.0
90.0,1458600.0
300.0,3012400.0
10.0,61447.0
200.0,2489500.0
400.0,3342800.0
600.0,3731000.0
50.0,847080.0
800.0,3958100.0
40.0,653000.0
600.0,3764900.0
80.0,1329100.0
120.0,1804600.0
100.0,1598900.0
60.0,1018800.0
900.0,4090600.0
500.0,3559200.0
80.0,1340300.0
180.0,2331100.0
400.0,3328700.0
20.0,243470.0
900.0,4080100.0
600.0,3766200.0
150.0,2065100.0
500.0,3583600.0
180.0,2340300.0
20.0,242840.0
100.0,1579200.0
100.0,1522200.0
20.0,242050.0
90.0,1456900.0
150.0,2105400.0
60.0,986080.0
600.0,3733100.0
10.0,61579.0
40.0,656230.0
120.0,1810900.0
120.0,1779700.0
10.0,61682.0
700.0,3925600.0
900.0,4164500.0
700.0,3899000.0
900.0,4114600.0
180.0,2327700.0
150.0,2099100.0
1000.0,4210500.0
500.0,3578800.0
500.0,3572700.0
800.0,4021600.0
180.0,2341700.0
1000.0,4204300.0
1000.0,4166200.0
40.0,643950.0
70.0,1189000.0
300.0,2973100.0
120.0,1800200.0
800.0,4035400.0
20.0,243980.0
30.0,452620.0
1000.0,4201000.0
500.0,3548200.0
90.0,1464700.0
10.0,61385.0
180.0,2332300.0
600.0,3576300.0
70.0,1180300.0
70.0,1182100.0
40.0,642360.0
30.0,456200.0
400.0,3310900.0
70.0,1188800.0
600.0,3788300.0
80.0,1266700.0
80.0,1323700.0
20.0,240800.0
20.0,243060.0
20.0,243000.0
100.0,1584400.0
800.0,3884700.0
60.0,1026400.0
70.0,1191900.0
500.0,3570100.0
10.0,59598.0
600.0,3733900.0
50.0,834280.0
150.0,2093100.0
60.0,973000.0
150.0,2094100.0
180.0,1895200.0
70.0,1188500.0
100.0,1588200.0
600.0,3669300.0
20.0,243530.0
700.0,3925800.0
10.0,61786.0
80.0,1316800.0
90.0,1425600.0
120.0,1792700.0
40.0,643110.0
300.0,2975500.0
30.0,442750.0
90.0,1478800.0
400.0,3337100.0
900.0,4152100.0
20.0,239610.0
120.0,1802400.0
30.0,453020.0
50.0,844030.0
40.0,656770.0
400.0,3345600.0
10.0,61576.0
200.0,2440800.0
1000.0,4213100.0
300.0,3005300.0
800.0,4044000.0
50.0,848110.0
30.0,455910.0
120.0,1814800.0
200.0,2469600.0
40.0,632320.0
10.0,61313.0
80.0,1329400.0
100.0,1581700.0
400.0,3330900.0
400.0,3301400.0
180.0,2314600.0
700.0,3898800.0
180.0,2292000.0
30.0,453400.0
30.0,453580.0
300.0,2834100.0
10.0,61238.0
40.0,657890.0
10.0,36420.0
100.0,1603100.0
50.0,838340.0
400.0,3266900.0
700.0,3845400.0
600.0,3763800.0
80.0,1333800.0
600.0,3761500.0
180.0,2337900.0
30.0,456770.0
400.0,3275800.0
40.0,657590.0
600.0,3711400.0
400.0,3339000.0
80.0,1319600.0
40.0,655170.0
300.0,2992200.0
500.0,3551700.0
30.0,453860.0
1000.0,4187500.0
80.0,1308000.0
50.0,852410.0
500.0,3579700.0
80.0,1338600.0
100.0,1588800.0
150.0,2099600.0
40.0,658890.0
70.0,1155000.0
10.0,60344.0
400.0,3266000.0
60.0,1023600.0
90.0,1466100.0
60.0,998800.0
40.0,658820.0
700.0,3893500.0
700.0,3916000.0
400.0,3327800.0
800.0,3958300.0
1000.0,4155400.0
400.0,3320900.0
10.0,59213.0
800.0,3999900.0
200.0,2467900.0
200.0,2498200.0
900.0,4132600.0
70.0,1166600.0
20.0,242980.0
800.0,4022500.0
60.0,1025400.0
120.0,1789000.0
60.0,1022200.0
500.0,3582200.0
120.0,1814100.0
60.0,1025000.0
800.0,4019000.0
70.0,1184100.0
80.0,722240.0
200.0,2454400.0
100.0,1424700.0
120.0,1602400.0
60.0,968630.0
150.0,2071800.0
700.0,3859100.0
80.0,1332400.0
300.0,3025300.0
30.0,446190.0
900.0,4109800.0
60.0,1008100.0
180.0,2181900.0
30.0,453640.0
200.0,2498500.0
200.0,2446700.0
50.0,844080.0
500.0,3582000.0
900.0,4102800.0
60.0,1026400.0
900.0,4131000.0
1000.0,4161900.0
400.0,3321000.0
600.0,3775400.0
800.0,3919300.0
900.0,4135300.0
90.0,1461300.0
180.0,2351600.0
400.0,3356000.0
100.0,1593000.0
500.0,3574800.0
90.0,1463600.0
300.0,2990000.0
20.0,241790.0
40.0,657260.0
150.0,2086800.0
300.0,2974600.0
800.0,4012200.0
70.0,1179200.0
800.0,4066100.0
30.0,453110.0
900.0,4098600.0
40.0,649610.0
30.0,446570.0
180.0,2344600.0
100.0,1581900.0
600.0,3750700.0
70.0,1187200.0
50.0,851310.0
600.0,3779900.0
120.0,1793700.0
1000.0,4198600.0
40.0,658840.0
1000.0,4200300.0
700.0,3906200.0
300.0,2920800.0
50.0,849850.0
400.0,3302800.0
30.0,450260.0
300.0,2942700.0
900.0,4174100.0
500.0,3550400.0
80.0,1325100.0
800.0,3900800.0
300.0,2951800.0
600.0,3730300.0
800.0,4041600.0
1000.0,4238900.0
90.0,1458900.0
60.0,1016400.0
500.0,3600400.0
900.0,4101200.0
10.0,45835.0
200.0,2473200.0
200.0,2477500.0
500.0,3535900.0
70.0,1175000.0
180.0,2360100.0
90.0,1459300.0
10.0,61793.0
10.0,61681.0
80.0,1329900.0
80.0,1341100.0
180.0,2326500.0
60.0,1017700.0
40.0,655880.0
150.0,2095400.0
40.0,657050.0
900.0,4121500.0
900.0,4109200.0
20.0,231230.0
100.0,1580800.0
700.0,3838300.0
700.0,3933400.0
40.0,602870.0
500.0,3571800.0
30.0,427810.0
300.0,2981000.0
600.0,3760100.0
90.0,1465100.0
70.0,1187300.0
40.0,661540.0
500.0,3570500.0
30.0,455580.0
300.0,2991700.0
1000.0,4221200.0
200.0,2479900.0
30.0,452330.0
300.0,3008100.0
20.0,244100.0
900.0,4116900.0
100.0,1595700.0
900.0,4116000.0
10.0,61246.0
30.0,451290.0
700.0,3867400.0
100.0,1581100.0
100.0,1563300.0
80.0,1322200.0
20.0,240630.0
20.0,242010.0
500.0,3504400.0
90.0,1470600.0
80.0,1324400.0
70.0,1188800.0
40.0,649580.0
150.0,2119300.0
500.0,3591800.0
20.0,242890.0
600.0,3698200.0
300.0,3002000.0
20.0,243300.0
40.0,657860.0
700.0,3888700.0
120.0,1789000.0
30.0,453710.0
800.0,3975400.0
800.0,3986000.0
30.0,455710.0
40.0,660150.0
150.0,2085100.0
30.0,455430.0
60.0,1016900.0
20.0,243790.0
600.0,3751000.0
80.0,702700.0
300.0,2949500.0
800.0,4027200.0
700.0,3936300.0
400.0,3308800.0
40.0,655500.0
700.0,3918600.0
20.0,243270.0
400.0,3345300.0
600.0,3677300.0
150.0,2110300.0
300.0,2986000.0
100.0,1576300.0
80.0,1317800.0
100.0,1584600.0
1000.0,4181500.0
700.0,3908600.0
30.0,296590.0
900.0,4091400.0
300.0,2930800.0
100.0,1575600.0
120.0,1813600.0
400.0,3316800.0
10.0,61738.0
300.0,2963100.0
200.0,2432700.0
60.0,979370.0
60.0,1012000.0
900.0,4131200.0
30.0,453750.0
200.0,2464200.0
300.0,3011000.0
50.0,795620.0
40.0,659900.0
70.0,1188700.0
200.0,2467400.0
20.0,243900.0
90.0,1444200.0
200.0,2460700.0
300.0,2765200.0
180.0,2311200.0
600.0,3781500.0
80.0,1320000.0
10.0,61344.0
70.0,1187900.0
600.0,3772300.0
800.0,4067100.0
40.0,658210.0
700.0,3837400.0
120.0,1825700.0
800.0,3988600.0
200.0,2475400.0
400.0,3331700.0
700.0,3910200.0
600.0,3733700.0
900.0,4072300.0
700.0,3925600.0
20.0,243530.0
800.0,4017600.0
400.0,3320900.0
50.0,840870.0
200.0,2467000.0
200.0,2485000.0
1000.0,4221700.0
10.0,59926.0
800.0,4013900.0
300.0,2979000.0
150.0,2112800.0
40.0,592670.0
180.0,2337200.0
60.0,1024800.0
700.0,3886000.0
90.0,1473500.0
90.0,1473900.0
600.0,3735500.0
80.0,1324000.0
30.0,439710.0
200.0,2470000.0
1000.0,4111000.0
80.0,1332000.0
200.0,2492700.0
900.0,4041300.0
40.0,662170.0
80.0,1324900.0
1000.0,4217800.0
300.0,2982800.0
30.0,443960.0
80.0,1323500.0
50.0,852380.0
700.0,3846600.0
1000.0,4196300.0
90.0,1468500.0
900.0,4045300.0
700.0,3895700.0
400.0,3286100.0
600.0,3730900.0
150.0,2090000.0
40.0,659060.0
10.0,61556.0
30.0,455520.0
150.0,2126400.0
10.0,61588.0
300.0,2978900.0
30.0,450020.0
80.0,1326300.0
20.0,243280.0
80.0,1326100.0
150.0,2111900.0
120.0,1815500.0
900.0,4074400.0
700.0,3894900.0
120.0,1816600.0
700.0,3919200.0
900.0,4145100.0
800.0,4012900.0
300.0,2966900.0
150.0,2108100.0
600.0,3720300.0
300.0,2998900.0
150.0,2094200.0
90.0,1471600.0
40.0,658900.0
300.0,2884000.0
80.0,1339500.0
50.0,851580.0
700.0,3880200.0
100.0,1511100.0
300.0,2970200.0
90.0,1354800.0
300.0,2983200.0
150.0,2093500.0
70.0,1160600.0
500.0,3599800.0
120.0,1816600.0
400.0,3294700.0
100.0,1593000.0
60.0,1029500.0
600.0,3726000.0
50.0,847420.0
120.0,1813100.0
40.0,655310.0
10.0,61489.0
100.0,1569500.0
600.0,3717700.0
400.0,3345800.0
40.0,578780.0
20.0,242900.0
80.0,1305500.0
90.0,1267700.0
120.0,1831400.0
900.0,4080100.0
10.0,61501.0
800.0,3991900.0
90.0,1464300.0
200.0,2480000.0
200.0,2494200.0
500.0,3574600.0
100.0,1587100.0
400.0,3358900.0
600.0,3751600.0
20.0,242630.0
180.0,2289600.0
400.0,3343100.0
700.0,3877700.0
500.0,3543300.0
500.0,3560600.0
600.0,3732900.0
50.0,844570.0
400.0,3336600.0
60.0,1023900.0
900.0,4118000.0
500.0,3539900.0
60.0,1016900.0
1000.0,4147300.0
150.0,2090600.0
100.0,1575600.0
60.0,1025700.0
60.0,1023400.0
120.0,1816800.0
800.0,4017400.0
900.0,4051800.0
200.0,2484600.0
800.0,4019800.0
900.0,4062400.0
50.0,848110.0
10.0,61718.0
60.0,1023800.0
90.0,1469700.0
150.0,2094600.0
1000.0,4060600.0
300.0,2993200.0
300.0,2953400.0
